Job-Title, Estimated Salary 
Xactimate Estimator," $67,500 "
Writer at Global Admissions," $28,000 "
Workday Project Lead / Hybrid in Berlin," $100,000 "
WordPress Developer," $50,000 "
Wine Commission Sales Representative," $96,000 "
Wholesale Region Pool Manager," $220,000 "
Wellness Coordinator," $54,000 "
Wellcome Trust PhD Programmes Administrator," $33,774 "
"WDVA Registered Nurse 2, Full Time Float - NOC Shift, Washington Veterans Home"," $95,868 "
Watershed Planning Unit Communications Coordinator (Communication Consultant 3)," $59,334 "
Water Treatment Sales Manager," $45,000 "
"VP, Contracts"," $167,500 "
VP of Software Engineering - Hybrid - C#/.NET," $197,500 "
VP Growth," $95,000 "
Volunteer Mentorship Coordinator," $50,000 "
Volunteer Manager," $53,000 "
Volunteer Co-ordinator (Warwickshire)," $25,000 "
Volunteer Coordinator (FT)," $21,639 "
Volunteer Coordinator," $28,917 "
Volunteer Coordinator," $29,142 "
Volunteer & Event Coordinator (FT)," $65,000 "
Voluntary Sector Influence & Participation Manager," $39,377 "
Viewing Agent," $21,000 "
Vice Principal," $39,375 "
Vice President of Sales," $210,000 "
UX Designer - Hybrid," $41,500 "
US/UK Tax Senior Manager," $87,500 "
Urgent Care Director Permanent Job," $650,000 "
Upper School Dean," $106,500 "
Uni Tutor Wanted," $50,000 "
Unemployment Tax Representative," $45,000 "
Undergraduate Programs Assistant," $48,108 "
Ultrasonic Testing NDT Operative," $46,182 "
TX: Middle School History Teacher - BASIS Austin [23-24 SY]," $41,000 "
TX Hybrid Psychiatrist Full time position-275k-297k Range!," $286,000 "
"Trusts and Estates Paralegal, Hybrid!"," $102,500 "
Trustee Depositary Due Diligence Review Senior Manager," $117,500 "
Travel Consultant | Part-Time & Full-Time roles," $60,000 "
"Transportation Management Center Technician (TT3, In-Training)"," $63,791 "
"Transfer Agency, Senior Associate"," $63,700 "
Transaction Services Senior," $104,000 "
Training programme 2025," $79,000 "
Trainee Risk Analyst," $20,000 "
"Trainee Recruitment Consultant | Uncapped Commission - 100,000k"," $70,000 "
Trainee Recruitment," $28,500 "
Trainee Marketing Manager (Masters Graduate)," $30,500 "
Trainee Inside Sales Executive," $28,500 "
Trainee Graduate Recruitment Consultant," $30,500 "
Trainee Entry-Level Recruitment Recruitment," $33,000 "
Trainee Credit Control Manager," $26,500 "
"Top Secret Cloud Engineer - Hybrid in Warrenton, VA"," $137,500 "
Territory Sales Manager - Atlanta," $85,000 "
Territory Account Executive," $47,000 "
Terrace Club Coordinator," $70,000 "
Tenure-Track Assistant or Associate Professor," $89,622 "
Temporary Training and Outreach Coordinator," $36,000 "
TEMPORARY SIMS Data Manager," $38,040 "
"Temporary Receptionists, Administrators, Team Assistants!"," $72,794 "
Temporary Opportunity Register," $75,101 "
Temporary Multi Trained Operative," $21,848 "
"Temporary Employment Register - Committee Office: Administrative, Research..."," $69,180 "
Temporary Customer Service Agent," $30,001 "
Telesales Executive," $22,000 "
Telesales Executive," $30,673 "
Telephone Account Manager Remote/Hybrid," $31,000 "
Technology Enterprise Vendor Manager - Information Technology - Analysts San...," $160,000 "
Technology Business Development Executive," $152,000 "
Technician Apprentice," $16,400 "
Technical Support Apprentice," $40,000 "
Technical Support - Full Time," $23,000 "
Technical SEO Manager | Agency | Hybrid or Remote," $40,000 "
Technical Sales Executive," $30,000 "
Technical Programme Manager UK Wide," $80,000 "
Technical Program Manager," $175,500 "
Technical Partner Manager," $135,000 "
Technical Manager- Software Engineering- HYBRID," $137,500 "
Technical Customer Service - German - 100% Remote," $27,250 "
Technical Call Handler - Full Time," $23,000 "
Technical Business Analyst," $85,000 "
Team Leader," $27,500 "
"Team Lead, International Student Advising"," $73,000 "
Team Lead - ORC," $44,666 "
Team Administrator - Full time or part time," $33,500 "
Teacher of the Blind and Low Vision - Learning Independence for Today ...," $75,969 "
Teacher of Modern Foreign Languages," $35,843 "
Teacher - Education Support," $95,983 "
Tax Staff - Public," $85,000 "
Tax Senior (Remote/Hybrid). Job in Seattle My Valley Jobs Today," $100,000 "
Tax Senior," $37,500 "
Tax Senior," $87,500 "
Tax Senior," $35,000 "
Tax Senior," $35,000 "
Tax Semi Senior," $34,077 "
"Tax Manager - Hybrid, Manufacturing"," $80,000 "
Tax Manager - HYBRID," $125,000 "
Tax Accountants & Managers CPA - Ottawa," $110,000 "
Tax & Legal Technical Executive / Tax Manager (HYBRID)," $67,500 "
"System Thermal Engineer, Rack Liquid Cooling"," $107,500 "
Support Worker - Birmingham," $21,840 "
Support Pharmacist," $80,000 "
Supply Chain Specialist (Hybrid)," $94,400 "
Supply Chain Manager," $127,500 "
Supply Chain Assistant Manager (In Pharmaceuticals) (FULL TIME)," $60,000 "
Supply Chain Apprentice," $18,000 "
Supervisory Logistics Management Specialist (Title 32) (Permanent)," $83,854 "
Supervisory Equal Opportunity Investigator," $115,118 "
Supervisory Contract Specialist," $149,947 "
Subscriptions Marketing Manager (12 month contract)," $45,000 "
Student Wellbeing and Pastoral Care Executive Teacher - University of...," $132,293 "
Student Trainee (Post-Secondary) / Recent Graduate ...," $33,906 "
Student Cribs Graduate Scheme," $26,000 "
Student Advisor," $45,000 "
Structural Engineer," $37,500 "
Strategy Account Manager Texas," $75,000 "
Store Person," $30,000 "
Storage Control and General Help person," $19,760 "
Statistician Internship," $23,400 "
Statewide Events & Internships Coordinator," $55,000 "
State Properties Security Officer 7-E8," $40,727 "
Startup CEO," $187,500 "
Staffing Sales Executive," $65,000 "
"Staff Accountant, 70K-78K (Hybrid)"," $74,000 "
Staff Accountant Hybrid," $60,000 "
Staff Accountant | HYBRID | Downtown Chicago," $80,000 "
Staff Accountant - Northern Virginia - Hybrid," $85,000 "
Sr. Java Developer - Hybrid," $130,000 "
Sr. HPC Software Engineer (Hybrid) (E)," $149,500 "
Sr. Financial Analyst," $87,500 "
"Sr. Data Scientist, Specialist-Merchandising Analytics, Commercial Sales..."," $115,000 "
"Sr. Counsel, Contracts"," $155,000 "
"Sr. Consultant, Contract Pricing & Analytics - REMOTE"," $80,000 "
Sr. Account Executive," $95,000 "
Sr Software Engineer - Thick Client Application - Hybrid," $155,000 "
Sr Application Engineer (Hybrid or Remote)," $150,000 "
SQL Support Technician - Major Global Organisation," $34,000 "
Splunk Consultant - 100% remote," $150,000 "
"Specialist, Restoration"," $72,936 "
"Specialist, Property Flood Insurance Program (Anywhere in Canada)"," $91,587 "
Specialist Oncology Physiotherapist - Permanent," $45,000 "
Special Education Teacher High School Autism Support," $62,500 "
Special Education Supervisor," $91,121 "
Sous Chef (Full Time)," $63,500 "
Sous Chef - Upscale Casual Restaurant - MONDAY-FRIDAY DAYS!," $57,500 "
"Sous Chef - High Volume, Upscale Casual Restaurant"," $70,000 "
Sous Chef," $62,500 "
Sous Chef," $72,500 "
Sous Chef," $71,500 "
Sous Chef," $35,000 "
Solar Energy Consultant (COMMISSION BASE ONLY!)," $187,500 "
Software Sales Executive," $40,000 "
Software Engineering Senior Manager," $150,000 "
Software Engineering Manager - React/.NET - Hybrid," $190,000 "
Software Engineer (Medical Device) *Entry Level*," $87,500 "
"Software Engineer (C#/.NET and Oracle) - Hybrid in Hudson, MA"," $120,000 "
Software Engineer (.NET Hybrid in Arlington - NO C2C)," $107,500 "
Software Engineer," $117,500 "
Software Developer," $50,000 "
Social Worker II -Contract," $59,654 "
Social Worker - Remote," $117,500 "
Social Services Worker II," $48,342 "
Social Senior Account Manager," $52,500 "
Social Media Specialist (Remote)," $45,000 "
Social Media Manager - Hybrid Working," $42,500 "
Social Media Executive (Hybrid Working)," $25,000 "
Social Media Executive," $27,500 "
Social Media Executive," $26,501 "
SME Account Handler - Hybrid," $30,000 "
SMB Account Executive," $107,500 "
Smart Contract Developer," $75,000 "
Site Reliability Engineer (Remote)," $95,000 "
Site Agent - London & South East," $45,000 "
Siding Installer/Subcontractor," $95,000 "
Showroom Account Executive," $52,500 "
Service Plumber and Apprentice Plumbers (Training available)," $87,500 "
Service Navigator," $60,000 "
Service Desk Specialist - Hybrid," $50,000 "
Service Coordinator," $50,000 "
Service Contracts Specialist," $50,000 "
Server/Bartender (Salary + Commission + Benefits)," $55,000 "
SEO Manager for Japan market," $44,000 "
Senior/Project Manager - Multi Family," $140,000 "
Senior Web Developer," $85,000 "
Senior Web Analyst," $80,000 "
Senior Water Quality Technician," $49,398 "
Senior Town Planner," $40,000 "
Senior Test Equipment Design Engineer," $127,500 "
Senior Technical Sales Engineer," $75,000 "
Senior Technical Manager," $82,500 "
"Senior Technical Advisor, Technical Advisory Services"," $137,000 "
Senior Tax Manager," $77,500 "
Senior Tax Associate," $115,000 "
Senior Tax Associate," $97,500 "
Senior Tax Accountant - CAD," $75,000 "
Senior Systems Engineer (Washington DC)," $154,000 "
Senior System Analyst," $90,000 "
Senior System & Economy Designer mobile game    (Fully Remote/Berlin)," $55,000 "
Senior Support Worker - young adults with autism," $30,256 "
Senior Support Desk Engineer," $45,000 "
Senior Support Desk Engineer," $45,000 "
Senior Strategic Planner," $101,200 "
Senior Statistician (Boston Public Health Commission)," $90,000 "
Senior Software Engineers," $82,500 "
"Senior Software Engineer, Android - Platform Team (Hybrid)"," $173,500 "
Senior Software Engineer (Hybrid/Remote)," $135,000 "
Senior Software Engineer (Full Stack) - Hybrid," $173,500 "
Senior Software Engineer - Stockholm," $56,885 "
Senior Software Engineer - React/C#/.NET - Hybrid," $160,000 "
Senior Software Engineer," $160,000 "
Senior Software Engineer," $155,000 "
Senior Software Engineer," $429,000 "
Senior Software Engineer," $182,500 "
Senior Software Engineer," $125,000 "
Senior Software Engineer," $142,500 "
Senior Software Engineer," $215,000 "
Senior Software Engineer," $175,000 "
Senior Software Engineer," $150,000 "
Senior Software Developer," $55,000 "
Senior Software Architect Java," $120,000 "
Senior Social Worker," $43,350 "
Senior Smart Contracts Engineer   ," $65,000 "
Senior SITS Analyst Developer," $49,289 "
Senior Site Manager," $56,500 "
Senior Service Guard - General," $36,237 "
Senior SEO Executive," $99,500 "
Senior SEO Account Manager," $40,000 "
Senior Salesforce Business Analyst," $150,000 "
Senior Sales Representative," $85,000 "
Senior Sales Negotiator," $45,000 "
Senior Sales Negotiator," $31,250 "
Senior Sales Executive," $30,000 "
Senior Sales Executive," $140,000 "
Senior Sales Agent - 071723," $70,000 "
Senior Resource Planning Analyst," $42,500 "
Senior Research Manager," $43,000 "
Senior Research Associate," $76,500 "
Senior Reporting and Data Analyst," $76,193 "
Senior Regulatory Reporting Consultant - Liquidity Reporting," $50,500 "
Senior Recruitment Consultant / Technology Recruiter," $37,000 "
Senior Recruitment Consultant - Temp/Perm - James Ray Recruitment," $28,500 "
Senior Recruitment Consultant - Finance | Competitive Commission Structure!," $27,000 "
Senior Recruitment Consultant," $32,500 "
Senior Quantity Surveyor - Commercial - Dublin - Ireland - Permanent," $85,000 "
Senior Quantity Surveyor," $95,000 "
Senior Quantity Surveyor," $95,000 "
Senior Python Backend Developer," $65,000 "
Senior Public Relations Manager," $192,500 "
Senior Public Information Officer Full-time Temporary with a Possibility of...," $97,912 "
Senior Property Claims Adjuster," $67,500 "
Senior Property Accountant," $92,500 "
Senior Property Accountant," $87,500 "
Senior Project Manager - High-rise - Ottawa," $170,000 "
Senior Project Manager," $38,296 "
Senior Project Manager," $107,408 "
Senior Project Manager," $132,500 "
Senior Project Manager," $141,954 "
Senior Project Manager," $120,000 "
Senior Project Accountant," $100,000 "
Senior Project Accountant," $56,500 "
Senior Program Officer for Asia," $99,673 "
Senior Program Manager," $92,500 "
Senior Professional Indemnity Underwriter," $75,000 "
"Senior Product Manager, EUS Platform"," $90,000 "
Senior Product Manager - Reporting & Insights," $90,000 "
Senior Product Manager - Can be fully remote must be UK based," $95,000 "
Senior Process Safety Engineer," $60,000 "
Senior PR Manager," $55,000 "
Senior PPC Executive," $29,000 "
Senior Platform Engineer," $107,408 "
Senior Platform Engineer," $170,000 "
Senior Plans Examiner," $84,998 "
Senior Planner - Policy," $107,852 "
SENIOR PLANNER," $63,183 "
Senior Planner," $40,000 "
Senior Physical Design Engineer," $202,500 "
Senior Performance Engineer," $130,000 "
Senior Pensions Administrator- Hybrid - Birmingham," $33,500 "
Senior Paid Social Manager," $65,000 "
Senior PA Apprenticeship," $18,397 "
Senior Ontario Land Surveyor - Subway," $112,222 "
SENIOR OFFICER-DEPUTY DIRECTOR," $239,919 "
Senior Officer," $67,191 "
Senior New Business Manager," $48,214 "
"Senior Network Engineer, Hybrid Full Time Permanent"," $72,500 "
Senior Mobile Software Engineer (React Native) - IL HYBRID," $135,000 "
Senior ML Engineer," $128,682 "
Senior Marketing Executive," $100,000 "
Senior Marketing Executive," $31,500 "
Senior Marketing Executive," $32,500 "
Senior Marketing Director," $196,000 "
Senior Marketing Communications Manager," $47,500 "
"Senior Manager, Pricing Operations (Remote)"," $135,000 "
"Senior Manager, People & Culture"," $65,000 "
"Senior Manager, Development Permanent Full Time (1.0)"," $118,453 "
"Senior Manager, Data Science, MENA"," $79,200 "
Senior Manager - Financial Services Recruitment," $50,000 "
Senior Manager - Climate Risk Modelling," $132,500 "
Senior Logistics Manager / Head of Logistics," $50,000 "
Senior Litigation Legal Assistant - Ottawa," $80,000 "
Senior Lettings Negotiator," $37,500 "
SENIOR LEGAL ASSISTANT," $41,215 "
Senior Lecturer/Lecturer (Human Resource Management/Organisational Behaviour)," $45,658 "
Senior Landscape Architect," $126,740 "
"Senior Java Financial Application Developer, AVP"," $130,000 "
Senior Java Developer - Hybrid," $140,000 "
Senior IT Service Delivery Manager - Law Firm," $90,000 "
Senior IT Project Engineer," $100,000 "
Senior IT Analyst/ Lead IT Analyst (FT)," $114,325 "
Senior Insight Manager -," $83,500 "
Senior Inprotech Developer - Hybrid Remote," $65,000 "
Senior Information Technology Engineer," $120,000 "
SENIOR INFO TECH BUSINESS CONSULTANT," $56,938 "
Senior incident response consultant.," $80,000 "
Senior IC Analogue Designer - Hybrid," $97,500 "
SENIOR HUMAN SERVICES PROGRAM SPECIALIST," $44,000 "
Senior HR Specialist," $80,000 "
Senior Hospitality Recruitment Consultant," $47,500 "
Senior Health & Welfare Benefits Consultant," $117,500 "
Senior Guardian Full-time Temporary with a Possibility of Permanency," $97,912 "
Senior Golang Developer," $90,000 "
"Senior Fund Accountant - Very Hybrid, Excellent Benefits!"," $92,500 "
Senior Full-Stack Developer (Remote Worldwide)," $70,000 "
Senior Full Stack Engineer- Heavy backend focus," $162,500 "
Senior Frontend Web Developer," $65,000 "
Senior Frontend Developers," $60,000 "
Senior Frontend Developer JavaScript  ," $70,000 "
Senior Frontend Developer  ," $63,500 "
Senior Frontend Developer - Typescript   (remote)," $85,000 "
Senior Frontend Developer," $82,500 "
Senior Front End Engineer," $105,000 "
Senior Fire Engineer," $40,000 "
Senior Financial Analyst," $95,000 "
Senior Finance Manager - Hybrid," $60,000 "
Senior Finance Manager," $90,000 "
Senior Finance Manager," $100,000 "
Senior Finance Business Partner," $64,821 "
Senior Finance Assistant," $35,500 "
Senior Facilities / Building Manager," $60,000 "
Senior Executive Recruiting Consultant," $52,500 "
Senior Executive Assistant - Hybrid Schedule (Infectious Disease Bureau)," $47,500 "
Senior Executive Assistant," $39,017 "
Senior ETL Developer," $80,000 "
Senior Estimator - Structural/Miscellaneous Steel," $125,000 "
Senior Environmental Health Specialist," $93,389 "
Senior Enterprise Architect," $170,000 "
Senior Enterprise Account Executive," $350,000 "
Senior Employment Associate," $115,000 "
Senior Embedded Engineer," $50,000 "
Senior Electrical Engineer," $125,000 "
Senior Dotnet Developer," $125,000 "
Senior Director of Financial Operations," $140,000 "
Senior Director for Membership and Marketing," $140,000 "
Senior Digital Sales Executive," $28,600 "
Senior Digital Marketing Manager / Head of Marketing," $65,000 "
Senior Development Planner," $87,710 "
Senior Development Consultant," $101,200 "
Senior Developer," $100,000 "
Senior Developer," $100,000 "
Senior Designer - 50K - Creative Marketing Agency - Property - London - Hybrid," $50,000 "
Senior Deputy Director 20 - Deputy Superintendent of P-20 System and Student...," $153,239 "
"Senior Data Scientist (Remote, PhD Required)"," $155,000 "
Senior Data Scientist - Natural Language Processing," $60,000 "
Senior Data Scientist," $60,000 "
Senior Data Scientist," $80,000 "
Senior Data Engineer (Remote)," $125,000 "
Senior Data Engineer  ," $80,000 "
Senior Data Analytics Manager - Investment Management," $95,000 "
Senior Data Analyst," $74,100 "
Senior Data Analyst," $111,175 "
Senior Data Analyst," $97,736 "
Senior CRM Executive," $30,000 "
"Senior Credit Analyst (FTC - 12 months), Manchester"," $55,000 "
Senior Cost Accountant," $95,000 "
Senior Cost Accountant," $110,000 "
"Senior Coordinator, Client System Solutions"," $77,390 "
SENIOR CONTRACT OFFICER," $79,857 "
Senior Consultant," $65,000 "
Senior Construction Site Manager," $52,500 "
Senior Congressional Advisor," $152,222 "
Senior Computer User Support Specialist," $67,000 "
Senior Compliance Officer (Hybrid)," $70,000 "
Senior Communications Manager," $46,500 "
Senior Commercial Real Estate Paralegal #30837," $77,500 "
Senior Collections Specialist," $28,500 "
Senior Cloud Automation Engineer - Fully Remote," $70,000 "
"Senior Clojure Engineers to Fluent, a Swedish co-creation startup"," $77,500 "
Senior Client Service Executive," $39,000 "
Senior Client Service Executive," $40,000 "
Senior Client Manager," $77,500 "
Senior Campaign Marketing Officer Full-time Temporary," $97,912 "
Senior Business Development Underwriter (Pennsylvania)," $133,203 "
Senior Business Development Manager," $120,000 "
Senior Business Development Manager," $57,500 "
Senior Business Analyst," $60,000 "
Senior Business Account Executive," $55,000 "
Senior Building Operator / Service Manager - Residential," $77,500 "
Senior Bordereaux Analyst," $60,000 "
Senior Bookkkeeper/ Office Manager," $70,000 "
Senior Blockchain Engineer - Rust & Substrate," $190,000 "
Senior Bids and New Business Manager," $72,500 "
Senior Bid Manager," $75,000 "
Senior Backend Engineer (USA)," $175,000 "
Senior Backend Engineer," $160,000 "
Senior Backend Engineer," $185,000 "
Senior Backend Developer Go   ," $70,000 "
Senior Backend Developer," $102,500 "
Senior Back End Developer," $100,000 "
Senior Azure DevOps Engineer," $80,000 "
Senior AV Service Engineer," $45,000 "
Senior Auditor," $90,000 "
Senior Audit Manager / Prudential Specialist," $82,500 "
Senior Audit Manager," $64,000 "
Senior Audit Manager," $70,500 "
Senior Attorney," $247,000 "
"Senior Associate Dean and Director, Office of Graduate Education"," $185,000 "
Senior Associate - HR Policy and Employee Relations," $40,160 "
Senior Associate - Business Intelligence," $155,000 "
Senior Assistant Manager - Ottawa," $55,000 "
Senior Applied Scientist," $198,000 "
Senior application developer," $150,000 "
Senior Android Developer," $60,000 "
Senior Anaesthetic Theatre Practitioner," $45,000 "
"Senior Advisor, International Contracts"," $90,377 "
"Senior Administrative Officer, Library"," $98,338 "
Senior Actuarial Analyst*," $123,552 "
Senior Accounts and Tax Manager," $60,000 "
"Senior Accountant, 95K-100K (Hybrid)"," $97,500 "
"Senior Accountant | Hybrid (3 days WFH) | Mundelein, IL"," $80,000 "
Senior Accountant (Hybrid)," $85,000 "
Senior Accountant (Contract)," $60,000 "
Senior Accountant," $75,000 "
Senior Accountant," $170,000 "
Senior Accountant," $85,000 "
Senior Accountant," $77,500 "
Senior Account Manager," $45,000 "
Senior Account Executive," $92,500 "
Senior Account Executive," $85,000 "
Senior Account Executive," $127,500 "
Senior .Net Developer," $120,000 "
Secretary - Part time," $39,448 "
Secondary School Teachers," $76,575 "
Scrum Master," $52,500 "
School Social Worker," $57,500 "
School Secretary," $31,000 "
Scheduler," $26,000 "
SAP SD Quote to Cash Lead," $110,000 "
SAP EWM Business Analyst," $70,000 "
Sales Support Executive," $32,500 "
Sales Representative - Outside Sales - Account Executive," $60,000 "
Sales Operations Specialist - Data quality management," $56,700 "
"Sales Operations Associate (100% Remote, Financial Services)"," $47,500 "
Sales Operations Analyst - Hybrid," $55,000 "
Sales Manager - Berlin based or remote," $70,000 "
Sales Executive Energy Storage," $26,000 "
Sales Executive and Partner," $60,000 "
Sales Executive / Business Development Executive," $35,500 "
Sales Executive - Uber hubs in Birmingham & Manchester," $37,000 "
Sales Executive - Start up," $45,000 "
Sales Executive - Senior Living Communities," $60,000 "
Sales Executive - Screen Print/Signage," $50,000 "
Sales Executive - Italian Speaking," $30,000 "
Sales Executive - Full Time," $27,100 "
Sales Executive - Energy," $28,500 "
Sales Executive," $33,500 "
Sales Executive," $29,500 "
Sales Executive," $55,000 "
Sales Executive," $37,500 "
Sales Executive," $70,000 "
Sales Executive," $62,500 "
Sales Executive," $109,000 "
Sales Executive," $80,000 "
Sales Executive," $26,500 "
Sales Executive," $85,000 "
Sales Executive," $50,000 "
Sales Executive," $65,000 "
Sales Executive," $24,000 "
Sales Executive," $26,500 "
Sales Development Representative - Graduate," $37,500 "
"Sales Development Representative - Australia (Greater Boston Area, MA or Remote)"," $84,000 "
Sales Data Admin - Data Entry," $55,000 "
Sales Consultant - commission Prevost RV and Marine," $80,000 "
SALES BUSINESS DEVELOPMENT EXECUTIVE," $27,500 "
Sales Advisor," $25,000 "
Sales Account Representative (French)," $96,000 "
Sales Account Manager (French)," $130,000 "
"Sales Account Executive NYC, base plus commission!"," $42,500 "
Sales Account Executive at Clowder," $137,500 "
Sales Account Executive - Bilingual," $130,000 "
Sales Account Executive," $50,000 "
Sales Account Executive," $65,000 "
Sales," $26,000 "
RUST Developer - Remote (f/d/m)," $75,000 "
"Ruby on Rails Developer (Ireland Based, Fully Remote)"," $62,000 "
Rotational Graduate Scheme London 2023," $26,000 "
RISC-V Design Verification Engineer (Intermediate-Staff)," $175,000 "
"Restricted Funds Manager, Wharton Finance and Administration (Hybrid Eligible)"," $78,509 "
Restaurant Manager - upscale casual," $72,500 "
"Restaurant Manager - Fast Casual - Park Ridge, IL"," $50,000 "
Restaurant Manager," $57,500 "
"Restaurant General Managers, Managers, BOH Management - Fast Casual"," $70,000 "
"Restaurant General Manager - Fast Casual - Seattle, WA"," $65,000 "
"Restaurant General Manager - Fast Casual - Dorchester, MA"," $60,000 "
Restaurant General Manager - Dynamic Company Setting," $50,000 "
Restaurant Assistant Manager - Casual Theme - Tex Mex - ntx," $52,500 "
Restart Advisor," $27,000 "
Response & Natural Resource Damage Assessment Specialist (Environmental...," $60,714 "
Residential Childcare Assessor," $28,000 "
"Research Intern, 2022/2023 Summer Australia"," $72,500 "
Research associate in cmb foregrounds," $38,232 "
Research and Statistics Analyst," $24,000 "
Research and Statistics Analyst," $24,000 "
Research Affiliate (PhD student)-Molecular Microbial Ecology," $24,000 "
Replacement professor in physics.," $89,622 "
Remote Work From Home Data Entry Clerk / Typing," $52,500 "
REMOTE Tax Senior," $85,000 "
Remote Full Stack Python Developer - Plot.ai," $93,000 "
Remote Commercial Accountant," $30,000 "
Remote Business Development Executive," $34,500 "
Registered Nurse/Registered Practical Nurse (Full-Time & Part-Time Jobs)," $70,000 "
Registered Nurse - SIGN ON BONUS," $85,000 "
Regional Sales Manager (independent reseller) Norway," $140,000 "
Regional Sales Manager (independent reseller) Denmark," $140,000 "
Regional Sales Manager," $80,000 "
Regional Sales Manager," $45,000 "
Regional Sales Executive," $65,000 "
Regional Manager," $56,000 "
Regional Director," $95,000 "
Recruitment Consultant - Hybrid Working," $35,000 "
Recruitment Consultant - Entry Level," $31,500 "
Recruitment Consultant," $36,500 "
Recruitment Consultant," $29,000 "
Recruitment Advisor," $36,500 "
Recruitment - NO EXPERIENCE NEEDED - Manchester," $51,500 "
Recruiter remote," $65,000 "
Recruiter - Remote/hybrid," $67,500 "
Recruiter - Entry Level," $75,000 "
Recruiter," $77,500 "
RECREATION & ATHLETICS SPECIALIST 3 (WCCW)," $58,434 "
Receptionist/Program Assistant," $45,144 "
Reception/Security Guard," $28,281 "
Reception/Administrative Assistant," $49,488 "
Real Estate Solicitor- Senior Associate," $75,000 "
Real Estate Senior Associate," $75,000 "
Real Estate Agent At Industry Changing Real Estate Start-up," $80,000 "
Real Estate Agent - 100% Commission," $48,227 "
Real Estate Agent," $162,500 "
Reader in (Retail Marketing - Apprenticeships)," $58,740 "
Radio Spectrum Engineer," $58,000 "
Radiation Engineer," $170,000 "
R&D Engineer (Materials)," $50,000 "
"Quantity Surveyor, Intermediate Level"," $42,500 "
Quantity Surveyor (Intermediate) - North Dublin - Irish Developer," $70,000 "
Quantity Surveyor - Hybrid," $45,000 "
Quantity Surveyor - Employers Agent - Hybrid role," $40,000 "
Quantity Surveyor - Central London - Rail," $40,000 "
Quantity Surveyor - Building Construction Contractor," $67,500 "
Quantity Surveyor," $40,000 "
Quantity Surveyor," $57,600 "
"Quality Monitoring Senior, SOX, ISQM1, ACA, ICAS, Remote"," $55,000 "
Quality Manager - Aerospace (hybrid)," $97,500 "
Qualified Social Worker," $35,667 "
Qual Voc Rehab Supervisor," $83,076 "
QA Engineer (Manual) - Fully Remote," $50,000 "
QA Developer," $60,000 "
QA Automation Engineer - Fully Remote," $67,500 "
Python Developer - Ireland Remote," $60,000 "
Publications Co-ordinator," $24,000 "
Public Relations Account Executive," $75,000 "
Public Health Training Manager," $82,500 "
Public Health Scientist - Hybrid Schedule (ITS - Informatics)," $92,000 "
Psychiatrist A," $220,844 "
Psychiatrist (HQ/WCCW)," $237,360 "
"Psychiatric Nurse Practitioner (PMHNP) - Arlington, Virginia (Hybrid)"," $200,000 "
Psychiatric /telemedicine (hybrid model) Illinois," $415,000 "
Provider Enrollment Specialist - Hybrid," $42,500 "
Property Manager (Hybrid working)," $45,000 "
Property Manager," $55,000 "
Property Claims Handler (Remote or Hybrid working)," $27,500 "
Property Administrator - Contract," $50,469 "
Project Support Officer," $27,501 "
Project Search Instructor," $41,813 "
Project Managers - Building Contractor," $82,500 "
"Project Manager, Senior"," $106,700 "
"Project Manager, Corporate Integration and Change Management (Washington, DC..."," $93,400 "
Project Manager - Remote," $50,000 "
"Project Manager - Healthcare Startup, Hybrid role in Philadelphia, PA"," $62,500 "
Project Manager," $75,000 "
Project Manager," $55,000 "
Project Manager," $47,500 "
Project Manager," $75,000 "
Project Management Coordinator," $70,000 "
Project Engagement Manager," $70,000 "
Project Coordinator for Construction Contractor," $62,500 "
Program Manager (Deputy Executive Director)," $170,000 "
"Program Manager - C13 VP, Hybrid"," $151,950 "
Program Manager," $128,816 "
PROGRAM MANAGER," $157,934 "
Program Director II," $78,240 "
Program Director," $70,000 "
"Program Coordinator, Student Programs and Engagement, Student Organizations"," $48,812 "
Program Coordinator- Access to Quality Mental Health Services," $54,975 "
Program Coordinator," $36,000 "
Program Associate (entry-level)," $22,227 "
Program Analyst (Senior Program Analyst) 12 Month Register," $116,393 "
Program Analyst," $115,118 "
"Program Administrator, Graduate Students with Children"," $67,925 "
Program Administration (Contract)," $53,433 "
Production-Legal Senior On-Site Services Spec.," $41,600 "
Product Owner (Hybrid)," $107,500 "
Product Manager - Remote," $50,000 "
Product Manager - B2B SaaS (Birmingham Hybrid)," $50,000 "
Product Manager," $42,500 "
Product Manager," $58,758 "
Product Executive," $26,500 "
Product Development Coordinator - Fragrances of Ireland. Hybrid Flex. - 17707," $32,500 "
Product Development Associate (Hybrid)," $90,000 "
Producer/Planner Team Lead (CCJ)," $114,700 "
Producer / Account Executive," $87,500 "
Procurement Services Office Chief (0571) (Remote/Hybrid)," $98,841 "
Procurement Manager Job," $110,000 "
Procurement Assistant," $23,920 "
"Private Investigators - Full Time, Multiple Roles (Toronto, GTA Area)"," $90,000 "
Privacy Officer & Client Feedback Lead - Permanent Full-time," $75,000 "
"Principal, Cramer Junior High"," $85,367 "
Principal Software Engineer - London or Birmingham Hybrid," $80,000 "
Principal Design Verification Engineer," $190,000 "
Principal Business Analyst," $62,500 "
Primary Teacher," $33,405 "
Press Secretary | Job ID# 539020," $67,716 "
Pre-K Counts Instructor," $40,744 "
Preconstruction Design Manager," $65,000 "
Practitioner Psychologist," $52,500 "
Practice Manager/PA Private Healthcare Clinic London Contract," $40,000 "
PR Account Executive," $26,500 "
PPC Executive," $32,500 "
PPC Executive," $31,500 "
PPC Executive," $11,000 "
Postgraduate Researcher External Engagement Project Officer," $31,087 "
Postdoctoral Researcher," $55,000 "
Postdoctoral Position in Pediatrics," $45,000 "
PostDoctoral Position in Biomedical Optics and Engineering," $70,000 "
Postdoctoral Fellowship in Theoretical Gravitational and Quantum Physics," $50,000 "
Postdoctoral Fellowship," $47,000 "
Post-Doctoral Fellow: Stream and Riparian Area Ecology," $55,000 "
Postdoctoral Fellow in Lymphatic Disorders," $40,000 "
Postdoctoral Fellow in Environmental Epidemiology," $50,000 "
Post-doctoral Fellow," $50,000 "
Postdoctoral fellow," $52,500 "
Post Graduate Success Director," $75,000 "
Post Doctoral Fellow," $35,000 "
"Portfolio Lead, Gender Based Violence (Full-time, Temporary)"," $62,700 "
Policy and Strategy Specialist - Hybrid Schedule - Administration," $60,000 "
Police Officer Certified/Certifiable," $64,833 "
POLICE OFFICER (Certified/Certifiable 23-03)," $72,550 "
Police Officer," $60,427 "
Police Communications Dispatcher (Entry-level)," $99,116 "
PMO Planning and Scheduling Analyst (FTC)," $35,700 "
Plumbing Apprentice," $35,000 "
Plant Operator/General Hand," $76,787 "
Planner II," $48,554 "
Planned works project manager," $55,500 "
Placement Student," $17,500 "
PIP Disability Assessor," $36,750 "
Physician / Surgery - Trauma / Texas / Permanent / EXCITING NEW TRAUMA...," $400,000 "
Physician / Psychiatry / Texas / Permanent / Tele Psychiatrist Brenham TX Job," $248,826 "
Physician / Psychiatry - Child/Adolescent / Texas / Permanent / Outpatient...," $400,000 "
Physician / Pediatrics / Illinois / Permanent / Illinois Pediatrics 300K Job," $300,000 "
Physician / Internal Medicine / Texas / Permanent / Texas Internal Medicine Job," $300,000 "
Physician / Family Practice- Urgent Care / Georgia / Permanent / Job," $230,000 "
Physician / Family Practice / Virginia / Permanent / Exciting...," $150,000 "
Physician / Family Practice / Texas / Permanent / Texas Family Medicine Job," $235,000 "
Physician / Family Practice / Texas / Permanent / Staff Physician NTSH Job," $228,774 "
Physician / Family Practice / Texas / Permanent / Medical Director Job," $250,891 "
Physician / Family Practice / Illinois / Permanent / Illinois Family...," $350,000 "
Physician / Family Practice / California / Permanent / Permanent Primary...," $450,000 "
Physician / Emergency Medicine / Illinois / Permanent / EM Opportunity in...," $430,000 "
PHP/Golang Developer Full Time Permanent," $70,000 "
PHP Developer - Fully Remote," $45,000 "
PHP Developer," $72,500 "
"PhD student, Chemistry and Chemical Engineering"," $33,000 "
PhD Scholarships," $55,750 "
Pharmacy Manager," $125,000 "
Personal Assistant - Flexible Hours," $27,500 "
Permitting and Database Support (Environmental Specialist 3) (In-Training)," $57,000 "
"Permanent Urgent Care Jobs in Westfield, Massachusetts"," $162,500 "
Permanent Site Engineer," $45,000 "
"Permanent Anesthesiology Job in Saginaw, Michigan"," $750,000 "
Performance Marketing Executive," $35,000 "
Performance Management and Quality Improvement Manager - Hybrid," $70,000 "
Performance and Quality Improvement Officer," $34,604 "
People Coordinator - Part time," $30,000 "
People Change Advisor - FTC (Hybrid)," $30,000 "
People Assistant Hybrid - Fixed Term Contract," $24,000 "
Payroll Specialist," $72,500 "
Payroll Officer - Part Time," $90,000 "
Payroll Assistant," $26,000 "
Payroll Advisor (18 month Fixed Term Contract)," $23,780 "
Payroll & Benefits Coordinator," $50,000 "
Patient Accounts Administrator | Dublin 15 | Contract," $27,500 "
Part-time Pharmacist | Bayswater," $104,000 "
Part-time PA," $30,000 "
Part-Time Nanny/Family Assistant," $52,500 "
Part-time Nanny near Manchester," $28,000 "
"Part-Time CFO For Startups, Berlin"," $100,000 "
Part-Time Cathedral Verger," $8,401 "
Parts Lead," $76,563 "
Partnerships & Growth Executive," $97,500 "
Part Time Treasury Assistant," $27,000 "
Part time Sales and Marketing expert for Enterprise Software Solution," $40,000 "
Part Time Nurse / Luxury Well Being Clinic (2 weekends per month)," $38,500 "
PART TIME INVENTORY CLERK," $35,000 "
Part time Head of Marketing and Communications," $45,000 "
Part Time Executive Assistant to COmpany Secretary & Legal Team," $31,500 "
Part Time Assistant Management Accountant 10 month contract," $37,500 "
Part Time - Food Servery Assistant," $20,535 "
Paraplanner - Remote / Hybrid," $42,500 "
Paraplanner - Hybrid," $37,500 "
Paralegal Supervisor - Litigation," $80,000 "
Paralegal or Senior Paralegal - (HYBRID)," $63,184 "
Paid Social Marketing Manager - Hybrid Working," $55,000 "
Paid Media Executive," $27,000 "
PA/Executive Co-ordinator to Directors for Creative Brand," $36,500 "
PA to Head Teacher," $33,500 "
PA / Executive Assistant," $37,500 "
PA - Hybrid working," $26,750 "
Outsourcing Supervisor  London  Hybrid Working!," $52,500 "
"Outside Sales Representative (w/ Commission, OTE and 401k)"," $44,000 "
Outside Sales Representative - Calgary and Southern Alberta," $100,000 "
"Outside Sales Rep - San Marcos, CA (North Country San Diego, CA)"," $60,000 "
Outside Sales Executive," $67,500 "
Outreach Worker (Part-Time)," $31,328 "
Outreach Worker," $26,400 "
"Outreach and Student Support Manager, Computer Science and Technology..."," $75,000 "
Organisational Development Coordinator - Workforce Apprenticeships - 13887," $32,270 "
Order Entry Clerk," $46,000 "
Orbital welder," $27,000 "
Oracle HCM Payroll Consultant - Managed Services," $115,000 "
Operations Executive," $55,000 "
Operations Executive," $37,500 "
Operations Analyst," $87,500 "
Onsite Engineer 215402 (Fixed-Term Contract)," $28,000 "
Online Marketplace Executive," $25,000 "
Office Services Operator," $26,000 "
Office Manager/Bookkeeper," $60,000 "
Office Manager Part-time Permanent," $73,908 "
Office Assistant/Data Entry Clerk - remote," $52,500 "
"Office Assistant, Full Time"," $39,882 "
Office Assistant Senior," $41,737 "
"OFFICE ASSISTANT 3, SPS Seasonal Dispatcher"," $41,232 "
Office and Finance Manager," $75,000 "
OCIP Risk Manager," $118,322 "
Ocean Operation Clerk," $32,500 "
Occupational Therapy Apprenticeship," $32,500 "
Occupational Therapist - Registered," $46,148 "
Occupational injury claims advisor - remote work - Montr√©al," $72,500 "
NYC General Manager restaurant group," $115,000 "
Nurse Practitioner (Permanent Full-Time)," $114,000 "
Nurse Director of Emergency Department ED," $167,364 "
Nurse - Staff Nurse Jobs Dublin 11 -  Full & Part Time Jobs," $47,500 "
Numeracy in Francophone Minority Context (Teaching in the Francophone Programs)," $89,622 "
Northwest Straits Commission Communications Coordinator (Communications...," $67,176 "
Nonpublic Guidance Counselor," $40,000 "
Non Clinical - Registered General Nurse - Hybrid/Remote," $37,850 "
New Business Sales Executive," $57,500 "
New Business Sales Executive," $32,500 "
Network Operations Specialist  (12 month contract)," $57,500 "
Network Engineer Apprenticeship," $23,150 "
Network Engineer - Data (BAU)," $62,500 "
Netezza Admin - HYBRID," $105,000 "
National Sales Manager," $62,500 "
National Account Sales Executive," $45,000 "
National Account Executive," $37,500 "
National Account Executive," $34,500 "
National Account Executive," $168,500 "
"Named Account Executive, Enterprise Wealth & Asset Management"," $176,000 "
Multi Currency Accounts Payable Assistant - Hybrid Birmingham," $27,500 "
MSC / LLM Academic Support Tutor," $36,042 "
Mortgage Retention Specialist (Mortgage Agent/Broker)," $130,000 "
Mobile Engineer," $37,000 "
Mobile Air Conditioning Engineer," $40,500 "
Mixed Tax Senior," $37,000 "
Mid-Value Giving Officer - Engagement and Volunteering - 100728 - Grade 6," $31,087 "
Mid-Level DevOps Engineer," $170,000 "
Middle School Teacher," $75,000 "
Middle School Spanish Teacher (SY 23-24)," $83,500 "
Middle School Spanish Teacher," $72,000 "
Middle School Math Teacher (SY 23-24)," $80,450 "
Middle School Jewish Studies Teacher for Grades 5-8," $60,000 "
Middle School and Graduate Counselor (Immediate Opening)," $46,000 "
Middle School Administrative Assistant," $65,000 "
Michigan School for the Deaf Campus Manager - Department Manager 15," $87,142 "
Mental health practitioner," $37,147 "
"Member Support Assistant (1 Year Contract) - Based in Grande Prairie, AB"," $50,000 "
Medical Assistance Specialist 3 (MAS3/MCS)-Non-Permanent," $47,652 "
Media Manager/ Campaign manager," $47,500 "
Media Field Sales Executive," $32,500 "
Media & Communications Coordinator," $26,000 "
Mechanical Supervisor," $51,000 "
Mechanical Superintendent," $115,000 "
Mechanical Sales Engineer," $157,500 "
Mechanical Project Manager/ Contracts Manager," $90,000 "
Mechanical Fitter," $27,500 "
Mechanical Design Engineer (Building Services) Hybrid," $50,000 "
Mechanical Design Engineer," $70,000 "
Meaningful Full-Time Work - Community Outreach & Advocacy!," $41,500 "
Mature Investment Agent - Senior Clients," $47,500 "
Materials Planner- Full Time Birmingham," $26,000 "
Mass Spec Project Manager," $117,500 "
Marketing Lead," $90,000 "
Marketing Intern - Immediate Start," $39,000 "
Marketing Intern," $46,500 "
"Marketing Executive Job, Birmingham"," $40,000 "
Marketing Executive," $27,500 "
Marketing Executive," $35,000 "
Marketing Executive," $29,000 "
Marketing Executive," $30,000 "
Marketing Executive," $27,000 "
Marketing Executive," $30,000 "
Marketing Director," $115,000 "
Marketing & Outreach Associate - Hybrid Position," $52,500 "
"Manager, Sales Compensation Strategy (Atlanta, GA)"," $120,000 "
"Manager, Provider Contracts"," $107,826 "
"Manager, Programming and Volunteers"," $53,000 "
"Manager, Business Technology (Remote)"," $201,500 "
"Manager, Apprenticeship & Pathways (PPMIV)"," $123,438 "
Manager of Programs and Volunteer Services," $54,000 "
Management Accountant Interiors Business London hybrid," $37,500 "
Management Accountant (Hybrid Working) - Media Company," $47,500 "
Management Accountant," $40,000 "
Maintenance Technician," $34,000 "
Maintenance Person - Birmingham," $28,500 "
Maintenance Manager - M&E Contractor," $62,500 "
Maintenance Engineer- Birmingham," $41,500 "
Maintenance Electrician," $42,500 "
Maintenance Coordinator (Hybrid)," $31,500 "
Mail Clerk II," $47,472 "
Machine Learning Engineer," $166,000 "
M&E Resident Engineer (2 year contract)," $60,000 "
M&E Coordinator - Main Contractor," $65,000 "
Los Angeles Entry-Level Engineer," $85,488 "
Looking For Affiliate Partners," $45,000 "
Loan Officer," $280,000 "
Litigation Associate (Flexible/Hybrid)," $115,000 "
Lifeguard (Temporary/Seasonal)," $52,000 "
Licensing Policy Manager (FTC)," $38,000 "
Licensee Beer Sales Representative - Commission Only Based," $71,452 "
Licensed Insurance Sales (Base +Commission)," $57,500 "
Licensed Automotive technician or Advance Automotive Apprentice," $62,500 "
"Librarian, Berkman Library (3 month contract, from June to August 2023)"," $88,190 "
Level 3 Teaching Assistant - Aston Tower Community Primary School," $26,317 "
Level 3 Nursery Practitioner [full time]," $21,673 "
Legal Contracts Manager," $32,500 "
Lecturer/Senior Lecturer in Fluid Mechanics/Hydraulics," $55,652 "
Lecturer/Senior Lecturer (Inscriptive Practices & Future Processes)," $45,658 "
Lecturer in Education (Teaching and Research)," $47,007 "
Lecturer in China and Sustainable Development," $44,900 "
Lecturer In Business And Tourism - Manchester (2247)," $40,000 "
Lecturer In Business & Contract Law - Birmingham (2376)," $41,500 "
Lecturer in BA (Hons) Innovation in Learning and Development," $30,000 "
Lecturer / Senior Lecturer Criminology," $43,125 "
Lecturer / Senior Lecturer," $41,000 "
Leasing and Onboarding Specialist," $46,000 "
Learning Governance Project Manager (Hybrid)," $125,540 "
Learning Coordinator," $75,000 "
Lead UX Designer (Apex Legends)," $172,500 "
Lead Software Engineer - HYBRID ROLE," $167,500 "
Lead Software Engineer - Full Stack PHP (Hybrid Remote + London)," $75,000 "
Lead Outreach Worker," $20,911 "
Lead Generation Manager," $67,500 "
Lead Full-Stack Engineer," $110,000 "
Lead Data Scientist (m/f/div.)," $157,500 "
Lead Data Scientist," $105,000 "
Language Teacher," $78,143 "
Lancaster Account Executive," $55,000 "
L&I IT System Administration- Manager," $103,482 "
"L&I Claim Manager Apprentice, Workers' Compensation Adjudicator 2"," $55,098 "
Kitchen Sales Designer," $24,000 "
Key Account Executive - Spirits," $42,500 "
Junior/Midweight - Designer - Property Marketing Agency - Creative - London...," $30,000 "
Junior/Intermediate Electrical Design Engineer," $35,000 "
Junior Sister," $37,147 "
Junior SEO Executive," $26,000 "
Junior Recruitment Consultant," $34,500 "
Junior Merchandiser - Luxury Fashion," $33,000 "
Junior Marketing Executive," $23,000 "
Junior Management Accountant," $32,500 "
Junior Graduate Recruitment Consultant," $34,500 "
Junior Engineer - ML & Data Science B2B Solutions," $56,700 "
Junior Data Scientist," $69,963 "
Junior Buyer," $23,000 "
"Junior Accountant- Hybrid - Fort Lauderdale, FL - $62K"," $56,500 "
Junior Accountant - July/Sept 2023 start," $50,000 "
Junior Accountant," $65,000 "
Junior Account Executive," $50,000 "
Junior - Intermediate Mechanical Design Engineer," $37,500 "
Jr. Executive Assistant," $75,000 "
"Job Captain - Hybrid Work/Architect Firm - Boston, MA"," $97,500 "
Jira Admin," $110,000 "
"Java Developer (HL7)- Finland, Remote- up to 4500EUR/pm"," $3,884 "
Java Developer - Intermediate," $86,000 "
IT Support Technician Apprentice," $14,421 "
IT Services Specialist," $47,100 "
IT Manager," $113,980 "
IT Field Engineer Hybrid," $47,500 "
IT Field Engineer - Birmingham - Hybrid," $31,000 "
"IS Development Manager - EDW - REMOTE (OR, WA, UT, ID, AZ, or NV)"," $127,040 "
Investor," $115,000 "
Investment Co-Ordinator," $22,500 "
Investigator (hybrid)," $34,004 "
Investigator (6 month contract)," $81,422 "
Inventory specialist," $49,500 "
Internship Experiences Coordinator I," $42,367 "
International Freelance Contract Position: Inbound Outbound eCommerce Sale Agent," $40,500 "
Internal Sales Executive," $33,000 "
Internal Sales Executive," $28,000 "
Internal Medicine Pediatrics Permanent Job," $650,000 "
Internal Communications Executive," $30,000 "
Intermediate/Senior Quantity Surveyor - Cork," $70,000 "
Intermediate/Senior Mechanical Engineer," $45,000 "
Intermediate/Senior Mechanical Design Engineer," $40,000 "
Intermediate/Senior Electrical Engineer," $40,000 "
Intermediate UX Designer," $50,295 "
"Intermediate Technologist, Metals and Inorganic Gravimetry"," $66,387 "
Intermediate Systems Analyst," $76,193 "
Intermediate System Integrations Software Developer," $80,000 "
Intermediate Structural Engineer," $43,000 "
Intermediate Software Developer," $127,500 "
Intermediate SDET," $70,000 "
Intermediate Quantity Surveyors," $60,000 "
Intermediate Quantity Surveyor Waterford," $60,000 "
Intermediate Quantity Surveyor / Cost Manager (PQS)," $50,000 "
Intermediate Quantity Surveyor - Cork - Top tier Main Contractor," $65,000 "
Intermediate Quantity Surveyor," $55,000 "
Intermediate Quantity Surveyor," $65,000 "
Intermediate Quantity Surveyor," $55,000 "
Intermediate Quantity Surveyor," $40,000 "
Intermediate Quantity Surveyor," $52,500 "
Intermediate Quantity Surveyor," $40,000 "
Intermediate Quantity Surveyor," $80,000 "
Intermediate Quantity Surveyor," $55,000 "
Intermediate Quantity Surveyor," $62,350 "
Intermediate Quantity Surveyor," $40,000 "
Intermediate QS," $42,500 "
Intermediate Project Manager | Billion Euro EPCM Firm," $72,500 "
Intermediate Project Manager," $45,000 "
Intermediate Planner," $73,000 "
Intermediate Mechanical Engineer London," $42,500 "
Intermediate Mechanical Engineer," $40,000 "
Intermediate Mechanical Engineer," $40,000 "
Intermediate Mechanical Design Engineer (Building Services)," $35,500 "
Intermediate Mechanical Design Engineer," $37,500 "
Intermediate Mechanical Design Engineer," $37,500 "
Intermediate Mechanical Design Engineer," $47,500 "
Intermediate Mechanical Design Engineer," $40,000 "
Intermediate Linux System Administrator," $80,000 "
Intermediate Kotlin Developer," $90,000 "
Intermediate Java Developer," $75,000 "
Intermediate Interior Designer- Corporate Interiors," $38,500 "
Intermediate Estimator," $57,500 "
Intermediate Engineer," $55,000 "
Intermediate Electrical Engineer," $40,000 "
Intermediate Electrical Engineer," $40,000 "
Intermediate Electrical Engineer," $40,000 "
Intermediate Electrical Design Engineer - Building Services," $54,000 "
Intermediate Electrical Design Engineer," $32,500 "
Intermediate Electrical Design Engineer," $40,000 "
Intermediate Electrical Design Engineer," $40,000 "
Intermediate Electrical Design Engineer," $60,000 "
Intermediate Electrical Design Engineer," $31,500 "
Intermediate Electrical Design Engineer," $40,000 "
Intermediate Electrical Building Services Engineer," $40,000 "
Intermediate Cost Consultant," $47,500 "
Intermediate Content Designer," $46,200 "
Intermediate Configuration Analyst (Remote)," $66,120 "
INTERMEDIATE BUSINESS SERVICES ROLE X 5," $72,500 "
Intermediate Accountant - Business Services," $65,000 "
Intermediate Accountant," $72,500 "
Intermediate Accountant," $77,500 "
Intermediate Accountant," $80,000 "
Intermediate Accountant," $70,000 "
Intermediate / Senior Quantity Surveyor," $70,000 "
Intermediate / Senior Electrical Design Engineer," $42,500 "
Intermediate / Senior Accountant Flexible Working Hours," $85,000 "
Intermediate / Senior  Electrical Design Engineer," $42,500 "
Interior Designer | Advanced," $107,500 "
Interim Freight Controller - Birmingham / Hybrid," $32,000 "
Intake Worker (6 month temporary position)," $60,000 "
Insurance Sales Advisor," $70,000 "
Insurance Customer Service Representative," $50,000 "
Inside Sales Executive," $52,500 "
Inside Sales Account Manager (Full-Time)," $55,000 "
Information Technology Specialist," $60,000 "
Information Technology Financial and Purchasing Manager (ITFPM)," $85,432 "
Information Security Senior Business Systems Analyst - Hybrid (JO#5897)," $109,008 "
Information Security Analyst (Hybrid)," $99,242 "
Information Security Analyst," $60,054 "
Industrial Engineering Senior Consultant II (Remote - Home Based Worker)," $94,938 "
Indigenous Artist Recruitment and Language Revitalization Lead," $50,000 "
Inclusion Lead/SENCo," $45,670 "
Inbound Sales & Cross-Sell (Remote Job)," $80,000 "
In House Group Tax Manager," $82,500 "
Image Engineer VDA experience preferred - hybrid or remote working available," $32,501 "
"ICT Manager (Applications), Headquarters/Hybrid Working"," $45,591 "
ICT Helpdesk Administrator," $22,341 "
Hybrid Telework QIDP Case Manager - FJ," $46,000 "
Hybrid Remote Tax Senior," $95,000 "
Hybrid Remote Information Systems Manager," $115,000 "
"Hybrid Key Account Manager, Engineering"," $41,000 "
Hybrid IT Support Technician," $60,000 "
Hybrid Block Manager," $33,550 "
Hybrid Audit Manager," $120,000 "
"Hybrid - Pension Manager, Birmingham"," $47,500 "
"HVAC Technician, Senior"," $55,900 "
HVAC Engineer (Mid Level) (Hybrid)," $88,500 "
Humanities Teacher," $31,500 "
"Human Resources Manager, 15-Month Contract"," $66,339 "
Human Resources Manager," $82,500 "
Human Resources Manager," $100,000 "
Human Resources Director," $125,000 "
Human Resource Manager - SCCC," $97,344 "
HR WITA Solutions Project Manager (Hybrid)," $95,640 "
HR Systems and Data Analyst," $53,014 "
HR Manager (Hybrid)," $55,000 "
HR Manager  ," $57,500 "
HR Manager - part time," $40,000 "
HR Manager - hybrid working," $52,500 "
HR Coordinator," $30,000 "
HR Business Partner - Hybrid Working. Full / Part-Time," $50,000 "
HR Assistant / People Assistant - Hybrid," $24,000 "
HR Assistant (Hybrid)," $52,500 "
HR Advisor (Hybrid Working)," $35,000 "
Hotel Interior Superintendent - Hybrid," $93,800 "
Hospice Volunteer Coordinator," $47,500 "
"Hollywood, CA Territory Account Executive"," $165,000 "
Hiring COMMISSION Hairstylist! Join Our Team!," $52,500 "
Hiring COMMISSION Hairstylist!," $52,500 "
High Value Events Executive," $29,012 "
High School Teachers 2023-24 School Year," $80,000 "
High School Spanish Teacher (SY 23-24)," $39,778,500 "
High School Spanish Teacher," $93,000 "
High School Principal - Heritage High School - Brentwood (Northern CA)," $141,038 "
High School Principal," $117,725 "
High School motivational speaker," $32,500 "
High School Math Teacher," $66,150 "
High School Math Teacher," $54,900,000 "
High School Humanities Teacher - Grades 9   12," $66,137 "
High School Guidance Counselor," $60,000 "
"High Net Worth Underwriter: Zurich Private Clients (Part-Time, Job-Share and..."," $32,250 "
Helpdesk/Contract Support - Global Company," $29,000 "
Heat pump Commissioning Engineer," $38,500 "
Health Insurance Advisor 2," $72,264 "
Health and Safety Consultant Hybrid Role," $190,000 "
Head of Sales (Remote Worldwide)," $85,000 "
Head of Pre-sessional Programmes," $64,591 "
Head of Order Management (Hybrid) Kenn or Birmingham," $60,000 "
Head of External Communications," $60,180 "
Head of Department - English - Bribie Island State High School," $132,876 "
Head of Department - CIT Accounting and Project Management Full-time Temporary," $133,267 "
Head of Commercial Project Management (Renewable Energy)," $75,000 "
Head Chef," $53,000 "
"Hairdressing Apprentice Jobs, Edmonton, London"," $26,250 "
"Growth Marketing Senior Associate, CRO Strategist"," $70,000 "
Grower Education & Extension Specialist," $70,000 "
Group Sales Executive (APR20237572)," $26,500 "
Group Sales Executive," $26,500 "
Group Sales Executive," $26,500 "
Group Manager," $135,000 "
Group Management Accountant - Hybrid," $37,500 "
Group Business Travel Coordinator - FULLY REMOTE OR HYBRID," $32,500 "
Group Account Director (Medical Communications) Hybrid," $150,000 "
Graphic Designer (Remote)," $40,000 "
Grants Accounting Specialist - Hybrid Schedule (Administration and Finance)," $65,000 "
Grant Accountant (Hybrid)," $64,638 "
"Graduate Student Researcher, European Languages"," $30,000 "
Graduate student in Plant Pathology," $29,523 "
"Graduate Sales Executive, Quick Progression Plan"," $37,000 "
Graduate Sales Executive - Manchester," $24,000 "
Graduate Sales Executive," $43,000 "
Graduate Recruitment Consultant + Training + Commission," $30,000 "
Graduate Recruitment Consultant | 30k Base + Commission," $40,000 "
Graduate Recruitment Consultant - Launch your career!," $67,500 "
Graduate Recruitment Consultant," $34,500 "
Graduate Recruiter," $32,500 "
Graduate Recruiter," $28,000 "
Graduate Project Support and Research Executive," $31,500 "
Graduate Program Administrator," $69,342 "
Graduate Finance Consultant," $35,000 "
Graduate Business Internship," $35,000 "
Graduate Advisor," $26,000 "
Global Account Executive - Premium Beauty Brand," $30,000 "
"German Inside Sales Executive in Galway, Hybrid"," $67,500 "
General Manager - Upscale Casual Theme Restaurant," $95,000 "
General Manager - Parm Burlington," $100,000 "
"General Manager - Casual Dining, Day Time Hours"," $40,000 "
General Manager," $115,000 "
General Counsel DIA (Hybrid)," $133,977 "
Genealogy Librarian (LAP3)," $68,970 "
"GCIB Operational Risk Associate- NY, Hybrid"," $112,500 "
Garage Foreperson," $101,088 "
GA Psychiatrist - Hybrid," $317,500 "
FY 23-71 Contract Specialist IV," $60,000 "
Functional Consultant - Contracts," $75,500 "
Fully Remote Full - Stack Engineer," $147,500 "
Full-Time Professor - Cardiovascular Technology Program," $92,795 "
Full-stack Software Engineer (Remote)," $95,000 "
Fullstack Software Engineer - C#/.NET - Hybrid. Job in Naperville My Valley...," $160,000 "
FullStack Developer - Manchester hybrid - C# / .Net," $36,000 "
Full/Part Time Beauty Receptionist," $27,000 "
Full Time Support Worker I," $41,079 "
Full time Heavy Truck Parts Counter Person," $50,000 "
Full Time Custodian (Aston)," $30,639 "
Full Stack Intermediate Software Developer," $90,000 "
Full Stack Engineer," $67,500 "
Full Fibre - Field Sales Executive," $25,000 "
Fulfilment Manager - Marketing Agency  London Based + Hybrid Working," $27,500 "
Frontend Engineer," $130,000 "
Front Desk Receptionist - Full Time," $40,500 "
French-Speaking - Software Sales Executive - Matchware," $65,000 "
Freight forwarder - fully remote," $31,500 "
Forklift Mechanic," $52,520 "
Florida Retail Brand Ambassador," $68,000 "
Flooring Contractor [ C - 15 or C - 54 ]," $75,000 "
Floor Manager," $75,000 "
Flex Operator," $41,622 "
Fleet Sales Executive," $32,500 "
FitTrack | Supply Chain Manager (6-12 month contract)," $90,000 "
"FISCAL ANALYST 3, Accounts Payable"," $57,912 "
Firefighter/EMT-Intermediate or Paramedic," $34,000 "
Firefighter Entry Level & Lateral Transfer," $65,059 "
Fire/Security Alarm Service & Commissioning Engineer," $36,000 "
Fire Chief," $115,000 "
Fire and Security Engineer," $34,000 "
Fire Alarm Service & Commissioning Engineers," $36,000 "
"Financial Reporting, Senior Assocaite"," $63,700 "
Financial Data Analyst   ," $111,175 "
Financial Crime Manager," $130,000 "
Financial Analyst II (Hybrid)," $65,000 "
Financial Analyst," $65,000 "
Financial Accountant - Hybrid," $60,000 "
Financial Accountant - Hybrid," $40,000 "
Finance Manager (Berlin)," $57,500 "
"Finance Director (Part-Time, 3-4 days)"," $80,000 "
Finance Director," $150,000 "
Finance Apprentice," $23,500 "
Finance Analyst (Hybrid WFH)," $120,000 "
Finance Administrator - AR and Billing," $40,000 "
Finance & Human Resource Coordinator (hybrid office/remote work)," $55,000 "
Field Sales Representative," $80,000 "
Field Sales Executive," $75,000 "
Field Sales Executive," $42,500 "
Field Sales Advisor," $61,000 "
Female Support Worker," $23,677 "
Feed Yard General Manager Apprentice Program," $75,000 "
Fee and Contracts Manager- 12 Month FTC," $47,500 "
Fast Casual Restaurant General Manager," $62,500 "
Family Solicitor- Hybrid working available," $42,500 "
Family Development Specialist," $28,188 "
Fair & Responsible Banking Manager (Hybrid)," $100,000 "
Facilities Manager," $155,000 "
Fabric Maintenance Operative," $29,500 "
"EYFS Teacher - Waltham Forest, London"," $42,945 "
Executive Support Specialist (CSRO)," $119,908 "
Executive Support," $26,500 "
Executive Search Analyst," $32,500 "
Executive Sales Associate," $112,500 "
Executive Residence Director," $122,500 "
Executive Personal Assistant," $49,400 "
Executive Officer Full-time Temporary," $119,319 "
Executive Officer Corporate Services Full-time Temporary," $119,319 "
Executive Director - Washington DC," $145,000 "
Executive Director," $80,000 "
Executive Director," $105,000 "
Executive Director," $117,500 "
Executive Director," $82,500 "
Executive Director," $90,000 "
Executive Director," $105,000 "
Executive Director," $100,000 "
Executive Director," $170,000 "
Executive Director," $80,000 "
Executive Concierge," $47,500 "
Executive Assistant/Paralegal," $70,000 "
Executive Assistant/Marketing Coordinator," $40,000 "
"Executive Assistant, Investment"," $28,498 "
"Executive Assistant, Human Resources"," $49,723 "
Executive Assistant to two Partners (Global Private Equity firm)," $56,000 "
Executive Assistant to the CEO (Hybrid)," $130,000 "
Executive Assistant to Founder," $97,500 "
Executive Assistant to Founder," $62,500 "
Executive Assistant to Dynamic CEO (City) Hybrid," $110,000 "
Executive Assistant to C- Suite Executive," $37,500 "
Executive Assistant Temporary Employment Register," $71,653 "
Executive Assistant Coordinator," $70,500 "
Executive Assistant Apprentice," $14,560 "
Executive Assistant [Remote-Hybrid]," $90,000 "
Executive Assistant (6 month leave contract)," $60,787 "
Executive Assistant & Office Manager," $40,000 "
Executive Assistant," $32,500 "
Executive Assistant," $26,750 "
Executive Assistant," $67,500 "
Executive Assistant," $70,000 "
Executive Assistant," $45,000 "
Executive Assistant," $67,500 "
Executive Assistant," $65,000 "
Executive Assistant," $75,000 "
Executive Assistant," $48,000 "
Executive Assistant," $56,000 "
Executive Assistant," $127,500 "
Executive Assistant," $60,000 "
Executive Assistant," $127,500 "
Executive Assistant," $68,989 "
Executive Assistant," $105,000 "
Executive Assistant," $82,500 "
Executive Advisor for Tribal Affairs (WMS Band 3)," $105,613 "
Executive Administrator/PA- B2B Events - London/Hybrid," $40,000 "
Event Systems Executive," $33,000 "
Event Executive/Content Producer," $34,000 "
Event Administrator Internship," $23,000 "
EPSRC Doctoral Prize Fellowships 2023/24," $34,308 "
Environmental Services Officer - Pest Control," $27,560 "
Entry-level Teachers - Hiring now! New York NY," $50,000 "
Entry-Level Sales Development Representative," $30,000 "
Entry-Level Implementation Analyst," $71,750 "
Entry-Level Immigration Attorney (Spanish)," $67,500 "
Entry-level Graduate Programme," $25,000 "
Entry-Level Civil/Electrical Engineer," $64,000 "
Entry Recruitment Associate," $57,500 "
Entry Level Software Developer," $102,000 "
Entry Level Sales Role," $24,000 "
Entry Level Sales Representative," $66,500 "
Entry Level Sales Professional," $74,500 "
Entry Level Sales Associate," $52,500 "
Entry Level Recruitment Role," $57,500 "
Entry Level Recruitment Consultant - Sales experience required!!," $52,000 "
Entry Level Recruitment Consultant - MANCHESTER," $57,000 "
Entry Level Recruitment Consultant - Award Winning Business," $32,500 "
Entry Level Recruitment Consultant," $37,500 "
Entry Level Recruitment Consultant," $28,500 "
Entry Level Recruitment," $36,000 "
Entry Level Recruiter - Immediate Start," $58,500 "
Entry Level Recruiter - Base Salary + Uncapped Commission," $52,500 "
Entry Level Python Developer," $112,500 "
Entry Level Network Support Technician," $34,000 "
Entry Level Mechanical Engineer," $60,000 "
Entry Level Graduate Scheme," $26,000 "
"Entry Level Finance, Accounting, or Business"," $50,000 "
Entry Level Delay Analyst," $45,000 "
Entry Level Consultant - NO EXPERIENCE REQUIRED," $32,500 "
Entry Level Civil Engineer," $74,000 "
Entry Level Business Analyst," $75,000 "
Entry Level Accountant," $80,000 "
Entry level - Data Services Analyst (Remote)," $42,550 "
Entrepreneur in Residence - Berlin (3 month internship)," $20,000 "
Enterprise Sales Executive," $125,000 "
Enterprise Architect - Remote/Must be Finnish Resident," $96,000 "
Enterprise Account Manager (Remote)," $144,485 "
Enterprise Account Executive (German-speaking)," $75,000 "
Enterprise Account Executive," $85,000 "
Enterprise Account Executive," $60,000 "
"Enrollment Services Assistant, Senior"," $38,000 "
English and Humanities Teacher," $93,500 "
Engineering Manager/Lead - Chicago - Hybrid. Job in Wilmette My Valley Jobs...," $187,500 "
Engineering Manager     ," $92,500 "
Engineering Manager - C#/.NET - IL HYBRID," $182,500 "
"Enforcement Counsel, Gaming & Sports Wagering"," $92,268 "
Energy and Accounting Policy Advisor," $96,500 "
Employment Senior Associate," $65,000 "
Emergency Management Analyst," $60,013 "
EMEA Senior People Partner," $102,500 "
Embedded Software Engineer - Hybrid Working," $72,500 "
"Electrician, Apprentice or Helper"," $44,500 "
Electrician I," $58,668 "
Electrician," $52,160 "
Electrical Design Engineer (Intermediate level)," $35,000 "
Electrical Design Engineer - Hybrid Placement," $112,500 "
Electrical Design Engineer - Hybrid - Boston," $122,500 "
Electrical Design Engineer - HYBRID," $77,500 "
Electrical Apprentice Instructor - Traveling," $69,000 "
Educational Funding Coordinator," $50,000 "
Education Manager," $52,828 "
E-Commerce Executive," $31,000 "
E-Commerce Executive," $68,632 "
Early Childhood Educator - Apprenticeship," $8,236 "
E&S Healthcare Underwriter Senior," $181,000 "
Dynamics CRM CE Lead Functional Consultant Full Time Permanent," $65,000 "
Dynamics 365 CRM Consultant. Ireland- Hybrid. Be Part of an Ambitious Team.," $67,500 "
DVA Executive Assistant Temporary Employment Register," $74,462 "
"DSA-MAA Certification Division ,Cyber Security & Software Engineer Lead"," $41,000 "
Door to Door Sales Manager - Salary + Commission," $89,000 "
Door Entry Security Engineer," $38,500 "
Dog Walker/Sitter," $42,500 "
Document Controller," $32,500 "
Dispatcher," $47,500 "
Disabled Veteran Outreach Program Specialist (DVOP)," $44,500 "
"Director, Partnerships & Global Programs"," $45,000 "
"Director, Legal Affairs (Hybrid)"," $175,000 "
"Director, Digital and Marketing Services"," $90,731 "
"Director, Benefits Operations"," $106,000 "
Director Portfolio Management," $160,330 "
Director of School Leadership (FT)," $87,000 "
Director of Sales - Contract," $112,500 "
Director of Procurement and General Services," $112,500 "
Director of Permanent Recruitment," $75,000 "
Director of People," $75,000 "
Director of Parks Development (Tumwater) Exempt," $125,064 "
Director of Operations," $165,000 "
Director of Irish Programs and Enterprise," $76,000 "
Director of Integrated Eligibility," $90,730 "
Director of Individual Giving," $106,500 "
Director of Human Resources," $90,000 "
Director of Financial Services," $144,914 "
Director of Finance," $150,000 "
Director of Enterprise Workflow Solutions (East / West)," $130,000 "
"Director of Engineering, Meraki Health (San Francisco, CA or Remote)"," $245,000 "
Director of Engineering," $130,000 "
Director of Customer Success," $70,000 "
Director of Contracting," $123,115 "
"Director of Communications and Community Engagement - Buffalo Grove, Illinois"," $130,292 "
Director of Catering Sales," $97,500 "
Director of Business Development," $125,000 "
Director Full-time Temporary with a Possibility of Permanency," $143,866 "
Director Full-time Temporary," $143,866 "
Director," $102,161 "
Digital Media Manager - Hybrid Schedule," $65,000 "
Digital Media Apprentice," $40,000 "
Digital Marketing Specialist (SEO + PPC)," $29,500 "
Digital Marketing Executive," $29,000 "
Digital Marketing Executive," $42,500 "
Digital Marketing Executive," $29,500 "
Digital Marketing Executive," $27,000 "
Digital Marketing Executive," $26,500 "
Digital Marketing Executive," $28,500 "
Digital Marketing Executive," $32,500 "
Digital Marketing (Remote)," $50,000 "
Digital Marketing & Community Brand Manager (Remote)," $75,000 "
Digital Growth Manager," $70,000 "
Digital Experience Analyst - Insurance - London - Remote/Hybrid," $52,500 "
Digital Designer - Intermediate - Senior Level," $90,000 "
Digital Account Executive," $175,000 "
Dietary Service Worker," $38,339 "
Dialysis Registered Nurse - Western Australia | Short Term Contract," $93,582 "
DevSecOps Engineer (Hybrid | London)," $53,550 "
"DevSecOps Engineer  - (80-100%) (w|m|d) - Germany, Berlin - Hybrid Work"," $125,000 "
DevOps Engineer (Intermediate - Senior)," $90,000 "
DevOps Engineer (Hybrid) ATL," $122,500 "
Devops Engineer," $87,500 "
Developers Required (D365/DWAN/CSNI) - DND Contract," $83,703 "
"Design Engineer, Traction Power"," $97,406 "
Design Engineer - Summer Intern," $21,500 "
Deputy Director of Parks Development," $125,718 "
Deputy Director of Human Rights Commission," $143,693 "
Deputy Chief Executive Officer," $105,000 "
Dell Client Sell-Out Executive - Americas," $204,300 "
Delivery and Installation driver," $29,000 "
"Dean of Students, Arcata High School"," $92,606 "
Deal Desk Specialist - Contract," $110,000 "
Data Scientist Intern (BRIC)," $80,500 "
Data Scientist (Remote Worldwide)," $65,000 "
Data Scientist   ," $131,560 "
Data Entry Supervisor," $65,000 "
Data Entry Clerk/Typist/Remote Support Agent," $7,100 "
Data Entry Clerk," $30,500 "
Data Entry Administrator / Customer Service Data Processing Assistant," $24,000 "
Data Entry - Now Hiring!," $35,300 "
Data Engineering Manager - Customer squad," $147,500 "
data engineer(entry level)," $82,500 "
Data Director," $91,413 "
Data Analytics Manager," $42,000 "
Data Analyst - (Hybrid)," $74,118 "
Data Analyst," $53,014 "
D365FO Consultant // Manchester - Home based," $65,000 "
Cybersecurity Apprentice," $115,000 "
Cyber Security Analyst," $40,000 "
Customs Entry Officer," $46,696 "
Customs Entry Officer," $46,696 "
"Customer Support Specialist (APAC), Australia Remote"," $37,500 "
Customer Service Team Lead," $30,000 "
Customer Service Representative (Full-time)," $20,500 "
Customer Service Representative (Full-time)," $43,500 "
Customer Service Officer," $65,000 "
Customer Service and Sales Executive," $30,000 "
Customer Service Advisor - Contact Centre," $20,000 "
Customer Service Administrator - Hybrid Working," $22,045 "
Customer Representative (J13834:MAN)," $25,000 "
Customer Relations Executive," $26,215 "
Customer Marketing Executive," $26,000 "
Customer Delivery Representative (CDR) Bestway Van Sales," $23,000 "
Customer Data Analyst (hybrid)," $29,000 "
Customer Care Assistant/Office Administrator (FT)," $21,133 "
Customer Advocate (Agency Employees Only)," $42,000 "
CSR Customer Service Representative | Immediate Hire," $45,000 "
Cross Sectional Radiographer," $35,000 "
Crew Member," $10,650 "
Credit Quality Analyst / Credit / Risk / Hybrid / Birmingham / Perm," $50,000 "
Creative Lead - Performance Marketing Agency - Remote/Hybrid," $45,000 "
Creative Design Assistant," $27,000 "
Counsellor Full Time Permanent," $58,913 "
Counsellor," $63,260 "
Cost Control Apprentice," $26,000 "
Cost Accounting Manager l HYBRID," $117,500 "
Corporate Solicitor - Senior Associate," $87,500 "
Corporate Account Executive (Top Global Broker) - Inherited Portfolio," $52,500 "
Coordinator of Graduate Degree Services," $45,000 "
Coordinator (Community Health Needs Assessment - Community Health...," $65,000 "
Cooperative Purchasing Marketing Specialist," $45,825 "
COO / co-founder for climate tech startup (Leafr Climate Freelancing)," $42,500 "
Controller," $127,500 "
Controller," $111,277 "
Contracts Specialist," $62,393 "
Contracts Manager Remote USA," $60,000 "
Contracts Manager (Modular Construction)," $85,000 "
Contracts Manager - Institute of Clinical Trials and Methodology," $52,828 "
Contracts Manager - Fit Out," $55,000 "
Contracts Manager," $38,000 "
Contracts Manager," $67,500 "
Contracts Manager," $32,000 "
Contracts Manager," $105,000 "
Contracts Manager," $30,000 "
Contracts Manager," $57,500 "
Contracts Manager," $45,000 "
Contracts Engineer," $42,500 "
Contracts Coordinator - Architecture - Culver City - Hybrid," $68,501 "
Contracts Assistant (12 month FTC)," $26,500 "
Contracts Administrator," $100,000 "
Contracting Director," $142,000 "
Contract/HUB Specialist," $38,593 "
Contract Support Manager," $28,000 "
Contract Specialist III," $72,550 "
Contract Specialist II or III," $62,281 "
Contract Specialist - Institutional Awards / Research Administrative Services," $70,816 "
Contract Manager," $117,092 "
Contract HR Data Administrator," $26,000 "
Contract and Helpdesk Support," $27,500 "
contract and bid specialist," $67,600 "
CONTRACT ANALYST III," $47,396 "
Contract Analyst (Remote or Hybrid)," $35,100 "
Contract Administrator," $112,500 "
Contract Administrator," $92,500 "
Contract Administrator," $50,000 "
Contract / Project Engineer," $42,500 "
Contract / Project Engineer," $42,500 "
Contract .Net Developer (AWS) - Remote," $93,000 "
Content Marketing Manager," $75,000 "
Content Executive - Ecommerce," $30,000 "
Consultant/Senior Consultant," $65,000 "
Consultant - Watches," $27,000 "
Consultant - Toronto - Hybrid," $100,000 "
Consultant - Business Development Specialist," $55,000 "
Construction Superintendent," $102,500 "
Construction Sales Executive," $97,500 "
Construction Operations and Facilities Project Manager," $152,222 "
Conference and Events Sales Executive," $27,578 "
Compliance Project Officer - Fully remote," $90,000 "
Compliance Officer - Hybrid Working," $55,000 "
Compliance Officer - 9 Month Fixed Term Contract," $24,150 "
Compliance Analyst - Audit & Exam Management," $90,000 "
Compensation & Benefits Compliance Analyst," $52,500 "
Community Volunteer Coordinator," $42,500 "
Community Development Officer / Volunteer Management & Training," $31,000 "
Community Development and Volunteer Coordinator," $26,572 "
Community Connections Coordinator," $28,500 "
Community Connections Coordinator," $43,405 "
Communications Intern," $155,000 "
Comms Officer - Waste Transformation Prog.," $35,000 "
Commissions Associate," $47,000 "
Commissions Analyst," $35,000 "
Commissioning Engineer Water Treatment," $47,500 "
Commissioning Engineer," $55,000 "
Commission Team Member," $25,700 "
Commission Sales Associate," $65,000 "
Commission Sales Associate," $70,000 "
Commission Based (Only) Sales Representative," $70,923 "
Commercial Vehicle Sales Executive," $20,592 "
Commercial Real Estate Broker Salary + Commissions Entry level," $77,628 "
Commercial Insurance Account Executive (Florida-hybrid)," $105,000 "
Commercial Insurance Account Executive," $40,000 "
Commercial Account Manager," $78,000 "
Commercial Account Manager," $55,000 "
Commercial Account Executive," $65,000 "
Commercial Account Executive," $65,000 "
Collections Officer Full-time Temporary," $79,411 "
Collections Executive," $40,000 "
Cloud Security Engineering Apprentice," $35,000 "
Clinical Manager - PAATHS Program (Recovery Services Bureau)," $65,000 "
Client Support Specialist I," $53,050 "
Client Manager," $29,000 "
Client Engagement Manager," $50,000 "
Client Engagement Manager," $32,500 "
Cleaning Contracts Manager," $32,000 "
"Classroom Support, Volunteer and Path Forward Coordinator"," $41,000 "
Claims Management Temporary Employment Register," $64,202 "
"Civil Engineer, Buildings | Intermediate - Senior"," $85,000 "
Civil Engineer Hybrid," $100,000 "
Civica Senior Applications Analyst Hybrid/Remote," $48,456 "
Childcare Apprenticeship," $8,236 "
Chief Product Officer (CPO)," $80,000 "
Chief People Officer," $150,000 "
Chief of Staff & Assistant General Counsel (Hybrid)," $115,000 "
Chief of Staff," $77,500 "
Chief Financial Officer (CFO)," $115,000 "
Chef de Rang," $32,231 "
"Chef de partie, Permanent and Casual Relief team"," $29,500 "
Chartered Building Surveyor (Intermediate / Senior / Associate)," $62,500 "
Channel / Partner Sales Manager USA," $170,000 "
Change Manager - Hybrid," $55,000 "
Central Graduate Advisor," $55,476 "
Center-based (in-person) Teacher - Early Head Start Program," $39,000 "
Category Manager - IT Part Time," $31,000 "
Cash Processor," $10,950 "
Case Specialist," $41,480 "
"Case Manager, Project ELECT"," $32,174 "
Case Manager (Permanent Full-Time)," $54,864 "
Case Manager (HYBRID)," $88,032 "
Case Manager," $55,000 "
Case Management Registered Nurse," $118,384 "
Carpenters And Apprentices," $45,000 "
Caregiver HCA Full-time," $24,999 "
Car Sales Executive - Premium Dealership," $32,500 "
Car Finance Sales Executive," $26,000 "
CAN (English) - Entry Level Recruiter/Sales Trainee," $40,000 "
Calling All Nurses - Permanent," $41,000 "
C++ Software Engineer (FT)," $55,000 "
Business Travel Consultant (Hybrid or home working)," $28,500 "
Business Systems Analyst SQL - Insurance - Hybrid," $62,500 "
Business Support Officer Health," $63,499 "
Business Support Apprentice," $24,856 "
Business Manager," $37,500 "
Business Intelligence Analyst Apprentice," $25,000 "
Business Executive," $87,500 "
"Business Development Representative, Apprentice"," $40,000 "
Business Development Representative - Entry Level," $62,500 "
Business Development Representative," $95,000 "
Business Development Representative," $57,500 "
Business Development Manager Logistics / Uncapped Commission," $27,500 "
Business Development Manager," $92,500 "
Business Development Hybrid or Remote," $98,500 "
Business Development Graduate - Summer 2023," $30,000 "
Business Development Executive (Remote)," $26,500 "
Business Development Executive - Manchester," $24,000 "
Business Development Executive - Hybrid," $42,500 "
Business Development Executive," $31,000 "
Business Development Executive," $30,000 "
Business Development Executive," $105,500 "
Business Development Executive," $38,500 "
Business Development Executive," $61,823 "
Business Development Executive," $95,000 "
Business Development Executive," $120,000 "
Business Development Executive," $40,000 "
Business Development Executive," $32,000 "
Business Development Associate - Hybrid," $100,000 "
Business Development & Marketing Executive," $45,000 "
Business Continuity & Disaster Recovery Manager (Hybrid)," $95,903 "
Business Consultant," $110,471 "
Business Analyst Hybrid," $50,000 "
Business Analyst (Insurance Claims)," $62,000 "
Business Analyst - Law Firm - Birmingham / Hybrid," $52,500 "
Business Analyst - intern," $67,950 "
Business Analyst," $55,000 "
Business & Finance Manager Part-Time," $45,000 "
Building Trades Apprentice," $38,323 "
Building Quantity Surveyor - Intermediate," $50,000 "
Building Maintenance Person (with 17th OR 18th Edition)," $40,950 "
Building and Maintenance Services Contract Administrator," $69,706 "
Building and Grounds Supervisor- Chester County Learning Center/ Gordon," $60,828 "
Budget Officer," $74,106 "
Budget Director - Hybrid Schedule (Finance Department)," $97,500 "
Bookkeeper Required Full or Part Time.," $30,000 "
Boat Sales Person," $70,000 "
BMS Commissioning Engineer," $53,000 "
Block Manager / Senior Block Manager," $42,500 "
Bilingual---Automation industry sales director---English/Chinese," $175,000 "
Bilingual Executive Assistant," $80,000 "
Bilingual Executive Assistant," $52,500 "
Bilingual Executive Administrative Assistant," $80,000 "
Bilingual Call Centre Agent," $50,000 "
BI Developer - London - 60k - Hybrid," $60,000 "
BC Support Consultant / London / Hybrid / Full Time Permanent," $40,000 "
BC Mobile Service Technician (Apprentice)," $62,500 "
Bartender," $29,500 "
Barber," $45,000 "
Banking Specialist," $31,500 "
Backend Javascript Engineer | Senior," $130,000 "
"Bachelor of Applied Science (BAS), Program Specialist 3 - HMG"," $64,502 "
"B2B SaaS Commission Sales with exciting, unique and broadly useful service"," $140,000 "
B2B PR Account Manager - Senior Account Director," $41,500 "
B2B Marketing Executive," $25,000 "
AV Commissioning Engineer," $42,500 "
Automotive Technician or Advanced Level Apprentice," $90,000 "
Auto Sales Professional - $3000 Salary plus Commission Monthly," $105,500 "
Auto Electrician," $31,000 "
Audit Supervisor - Remote OR Hybrid!," $117,500 "
Audit Specialist 3," $77,917 "
Audit Senior Manager (Partnership potential)," $122,500 "
Audit Senior Manager," $90,000 "
Audit Senior Associate," $90,000 "
Audit Senior," $39,500 "
Audit Semi-Senior London Hybrid Working!," $31,000 "
Audit Semi - Senior," $28,500 "
Audit Assistant Manager  Hybrid Working!," $57,500 "
Audit Apprentice," $15,000 "
Audit and Account Senior," $55,000 "
Audit & Accounts Senior," $41,500 "
Audit & Accounts Senior," $45,000 "
Attorney (Hybrid)," $64,500 "
Attorney - Social Security Disability (Hybrid)," $105,000 "
"Associate, Contract Administration"," $59,250 "
Associate Program Analyst - Projects," $92,962 "
Associate General Counsel," $97,500 "
Associate Foundation Director," $109,500 "
Associate Executive Director," $82,500 "
"Associate Director, Recruiting Programs & Employer Relations, Hybrid Eligible"," $61,046 "
Associate Buyer - Hybrid," $67,500 "
Associate Attorney," $60,000 "
Associate (FT)," $42,500 "
Assistant/Trainee Quantity Surveyor," $27,500 "
Assistant United States Attorney - Civil," $59,319 "
Assistant Property Manager (Hybrid)," $80,000 "
Assistant Project Manager - Florida," $87,500 "
"Assistant Professor, Language Teaching in Plurilingual and Culturally..."," $89,622 "
"Assistant Professor, Anti-Racism Education (Teaching in the Francophone Sector)"," $89,622 "
Assistant Professor (Computer Science)," $82,500 "
Assistant Principal Grades TK-8th," $107,500 "
"Assistant Merchandiser, Luxury Fashion temporary"," $28,000 "
"Assistant Manager, Accounts Receivable"," $90,000 "
Assistant Manager - Part time | Perth DFO," $40,000 "
"Assistant Manager - Casual, Full Service Restaurant"," $62,500 "
Assistant Manager," $50,000 "
Assistant Manager," $53,000 "
Assistant Management Accountant (HYBRID)," $31,672 "
ASSISTANT HEALTHCARE SCIENTIST," $20,103 "
"Assistant Headteacher (Teaching, Learning & Continuing Professional Development)"," $64,196 "
Assistant Headteacher," $61,500 "
Assistant General Manager QSR," $45,000 "
Assistant Financial Accountant Hybrid," $30,000 "
Assistant Finance Business Partner (Hybrid)," $42,500 "
"Assistant Director, Environmental Health and Safety"," $60,000 "
"Assistant Director of Volunteers, Student Internships and Community Relations"," $62,500 "
Assistant Director of International Admissions," $58,000 "
Assistant Director Full-time Temporary with a Possibility of Permanency," $119,319 "
Assistant Director Event Delivery - Programming Full-time Temporary with a...," $119,319 "
Assistant Director - Industry Programs Coordinator - Office for Women...," $119,319 "
Assistant Delivery Manager," $40,797 "
Assistant Controller [Hybrid]," $130,000 "
Assistant Contract Manager," $33,000 "
Assistant City Manager," $162,856 "
Assessment Psychologist (PsyD or PhD)," $105,000 "
ASL Interpreter," $41,538 "
Asbestos Bid Manager," $45,000 "
Armorer II," $45,709 "
Ark Teacher Training Programme," $26,000 "
Area Supervisor," $47,500 "
Area Sales Project Manager," $39,000 "
Area Sales Executive," $43,800 "
Area Contracts Manager - Cleaning Services," $29,000 "
Architectural Technician," $40,000 "
"Architect - Commercial, Industrial , Institutional"," $82,500 "
APS Level 6 - Project Officer | Executive Level 1 - Assistant Director ...," $103,498 "
Apprenticeship Support Officer," $90,899 "
Apprenticeship Skills Coaches- Nationwide roles- Remote Working," $34,714 "
Apprenticeship Compliance Manager," $41,000 "
Apprenticeship Administrator," $25,000 "
Apprentice plumbers Wanted," $85,000 "
Apprentice Plumber," $20,800 "
Apprentice Electrician," $33,504 "
Apprentice Buyer," $22,000 "
Apprentice Associate Digital Capability Manager," $28,117 "
Applications Programmer/Analyst Senior (Hybrid)," $82,800 "
Application Support Analyst," $42,500 "
Application Sales Person," $82,500 "
ANAO Internship Program Register (University Students)," $49,817 "
"Analytics Engineer - ENA London, Warsaw (F/M)"," $139,216 "
"Analyst, Accounting and Financial Reporting"," $102,500 "
Airfield Business Admin Apprentice," $18,000 "
Air Import Clerk," $26,000 "
Air Import Clerk," $28,500 "
Agriculture and Foreign Labor Specialist," $50,000 "
Agricultural Outreach Specialist," $45,000 "
Aftercare Manager," $80,000 "
"Advisor, Student Service Centre"," $60,199 "
"Advice Worker (Full time, 1 Year fixed term contract)"," $26,481 "
Advanced Craftsperson Apprenticeship - London," $29,000 "
Administrator," $10,000 "
Administrator," $22,000 "
Administrative Officer (Human Resources and Protocol)," $51,531 "
Administrative Assistant/Data Entry," $47,500 "
Administrative Assistant Sr\Intermediate," $54,000 "
Administrative Assistant 4," $52,482 "
Administrative Assistant 3," $44,766 "
Administrative Assistant," $20,000 "
Administrative Assistant," $60,000 "
Administration Officer Part-time Temporary," $87,227 "
Administration Coordinator - Part time permanent," $67,500 "
Adjunct Clinical Postdoctoral Associate," $55,000 "
Acupuncturist," $100,000 "
Accounts Senior/Accounts Manager - Top 20 Accountancy Practice," $47,500 "
Accounts Senior," $40,000 "
Accounts Semi Senior/ Senior," $31,500 "
Accounts Receivable/ Accounts Payable," $60,000 "
Accounts Payable Specialist - Seattle (Hybrid)," $44,000 "
Accounts Payable Assistant (HYBRID)," $28,500 "
Accounts Payable (Hybrid Working)," $35,000 "
Accounting Specialist," $52,500 "
Accounting Manager ll CHICAGO ll HYBRID," $110,000 "
"Accounting Manager | Hybrid | Glenview, IL"," $105,000 "
Accounting Manager (Hybrid)," $105,000 "
Accounting Manager - Hybrid," $85,000 "
Accounting Manager," $115,000 "
Accounting Assistant - Level 2 Apprenticeship," $10,000 "
Accounting Assistant," $47,500 "
Accountant - Senior," $32,501 "
Accountant - Hybrid - Toronto," $67,500 "
Account Manager/Sales Executive," $55,000 "
"Account Manager, East Coast US"," $262,500 "
"Account Manager (Managed Services ) - South East London, hybrid working ..."," $75,000 "
Account Manager - Recruitment," $34,000 "
Account Manager - BC Territory," $65,000 "
Account Executive-Outside Food Sales," $65,000 "
"Account Executive, New Business Sales"," $115,000 "
"Account Executive, General Business - Wealth & Asset Management"," $118,825 "
"Account Executive, Enterprise"," $122,500 "
"Account Executive, Corporate Media"," $60,000 "
Account Executive / Graduate," $60,000 "
Account Executive (Remote)," $70,000 "
Account Executive (Qualified Senior)," $47,500 "
Account Executive (June Start Date)," $52,000 "
Account Executive - Manchester," $24,000 "
Account Executive - Manchester," $24,000 "
Account Executive - (Commission Only)," $100,000 "
Account Executive," $75,000 "
Account Executive," $90,000 "
Account Executive," $50,000 "
Account Executive," $25,000 "
Account Executive," $100,000 "
Account Executive," $67,500 "
Account Executive," $112,500 "
Account Executive," $91,821 "
Account Executive," $100,000 "
Account Executive," $225,000 "
Account Executive," $26,000 "
Account Executive," $100,000 "
Account Executive," $78,000 "
Account Executive," $27,000 "
Account Executive," $40,000 "
Account Executive," $90,000 "
Account Executive," $55,000 "
Account Executive," $70,000 "
Account Executive," $67,500 "
Account Director," $150,000 "
"Account Coordinator, Client Services, Hybrid"," $60,000 "
AAT Apprentice," $15,000 "
70784 -National Prison Officer Returners Campaigns," $37,186 "
7.5t Delivery Driver (SM371)," $28,000 "
4+1 Housekeeping Internship (6 months)," $27,500 "
3rd Line Infrastructure Engineer," $40,000 "
2023 Six Month Analytics & Sales Internship - German Speakers," $247,000 "
2023 Executive Assistant Temporary Employment Register," $72,403 "
2022-23 DFAT Executive Assistant Temporary Employment Register," $73,162 "
12 month FTC Group Accountant," $56,500 "
.Net Software Engineer / Hybrid in Chicago," $110,000 "
.Net Software Developer / Hybrid in Chicago," $135,000 "
".NET Developer, .NET 7, C#, Agile - Kilmarnock"," $47,500 "
.Net Developer (Mid-Level) - Fully Remote," $62,500 "
.Net Developer (Applications Developer 1)," $83,751 "
